{
"poses": [
"one",
"two",
"ok",
"fist",
"stop",
"ball",
"orange"
],
"misc": [
"create",
"erase",
"help"
],
"ball": [
1.0,
0.3500000000000001,
0.0,
0.45000000000000007,
0.0,
0.49999999999999994,
0.0,
0.5499999999999999,
0.7500000000000001,
0.4999999999999999
],
"orange": [
1.0,
0.1999999999999999,
0.5,
0.35,
0.45,
0.39999999999999997,
0.5,
0.45,
0.7,
0.3999999999999999
]
}
